{
  "english_memes": {
    "n": 200,
    "avg_confidence": 0.4136845345795155,
    "std_confidence": 0.16771621785259072
  },
  "japanese_memes_en_labels": {
    "n": 86,
    "avg_confidence": 0.37407917286767517,
    "std_confidence": 0.11038938559473437
  },
  "japanese_memes_jp_labels": {
    "n": 86,
    "avg_confidence": 0.31722581681124,
    "std_confidence": 0.07384573336110947
  },
  "cross_lingual_gap": 0.039605361711840315,
  "label_language_gap": 0.056853356056435156
}